Bank Name,Region,ACH (electronic/direct),ABA (check),Wire
Ally Bank,all,124003116,124003116,124003116
Bannk of America,AK,51000017,51000017,26009593
Bannk of America,AL,51000017,51000017,26009593
Bannk of America,AR,82000073,82000073,26009593
Bannk of America,AZ,122101706,122101706,26009593
Bannk of America,CA,121000358,121000358,26009593
Bannk of America,CO,123103716,123103716,26009593
Bannk of America,CT,11900571,11900571,26009593
Bannk of America,DC,54001204,54001204,26009593
Bannk of America,DE,31202084,31202084,26009593
Bannk of America,FL,East: 063100277,East: 063000047,East: 026009593
Bannk of America,FL,West: 063100277,West: 063100277,West: 026009593
Bannk of America,GA,61000052,61000052,26009593
Bannk of America,HI,51000017,51000017,26009593
Bannk of America,IA,73000176,73000176,26009593
Bannk of America,ID,123103716,123103716,26009593
Bannk of America,IL,South: 081904808,South: 081904808,South: 026009593
Bannk of America,IL,North: 071000505,North: 071000505,North: 026009593
Bannk of America,IL,Chicago Metro: 081904808,Chicago Metro: 071103619,Chicago Metro: 026009593
Bannk of America,IN,71214579,71214579,26009593
Bannk of America,KS,101100045,101100045,26009593
Bannk of America,KY,51000017,51000017,26009593
Bannk of America,LA,51000017,51000017,26009593
Bannk of America,MA,11000138,11000138,26009593
Bannk of America,MD,52001633,52001633,26009593
Bannk of America,ME,11200365,11200365,26009593
Bannk of America,MI,72000805,72000805,26009593
Bannk of America,MN,71214579,71214579,26009593
Bannk of America,MS,East/St. Louis: 081000032,East/St. Louis: 081000032,East/St. Louis: 026009593
Bannk of America,MS,West/Kansas City: 081000032,West/Kansas City: 101000035,West/Kansas City: 026009593
Bannk of America,MT,51000017,51000017,26009593
Bannk of America,NC,53000196,53000196,26009593
Bannk of America,ND,51000017,51000017,26009593
Bannk of America,NE,51000017,51000017,26009593
Bannk of America,NE,51000017,51000017,26009593
Bannk of America,NH,11400495,11400495,26009593
Bannk of America,NH,11400495,11400495,26009593
Bannk of America,NJ,21200339,21200339,26009593
Bannk of America,NJ,21200339,21200339,26009593
Bannk of America,NM,107000327,107000327,26009593
Bannk of America,NV,122400724,122400724,26009593
Bannk of America,NV,122400724,122400724,26009593
Bannk of America,NY,21000322,21000322,26009593
Bannk of America,OH,51000017,51000017,26009593
Bannk of America,OK,103000017,103000017,26009593
Bannk of America,OR,323070380,323070380,26009593
Bannk of America,other,See Website,See Website,See Website
Bannk of America,PA,31202084,31202084,26009593
Bannk of America,RI,11500010,11500010,26009593
Bannk of America,SC,53904483,53904483,26009593
Bannk of America,SD,51000017,51000017,26009593
Bannk of America,TN,64000020,64000020,26009593
Bannk of America,TX,North: 111000025,North: 111000025,26009593
Bannk of America,TX,South: 111000025,South: 113000023,26009593
Bannk of America,UT,51000017,51000017,26009593
Bannk of America,VA,51000017,51000017,26009593
Bannk of America,VT,51000017,51000017,26009593
Bannk of America,WA,125000024,125000024,26009593
Bannk of America,WV,51000017,51000017,26009593
Bannk of America,WV,51000017,51000017,26009593
Bannk of America,WY,51000017,51000017,26009593
BB&T Bank,AL,0622-0398-4,0622-0398-4,0622-0398-4
BB&T Bank,DC,0540-0154-7,0540-0154-7,0540-0154-7
BB&T Bank,FL,2631-9138-7,2631-9138-7,2631-9138-7
BB&T Bank,GA,0611-1341-5,0611-1341-5,0611-1341-5
BB&T Bank,IN,0839-7428-9,0839-7428-9,0839-7428-9
BB&T Bank,KY,0839-0068-0,0839-0068-0,0839-0068-0
BB&T Bank,MD,0550-0330-8,0550-0330-8,0550-0330-8
BB&T Bank,NC,0531-0112-1,0531-0112-1,0531-0112-1
BB&T Bank,NJ,0312-0471-0,0312-0471-0,0312-0471-0
BB&T Bank,OH,0421-0226-7,0421-0226-7,0421-0226-7
BB&T Bank,other,See Website,See Website,See Website
BB&T Bank,PA,0313-0912-3,0313-0912-3,0313-0912-3
BB&T Bank,SC,0532-0160-7,0532-0160-7,0532-0160-7
BB&T Bank,TN,0642-0816-5,0642-0816-5,0642-0816-5
BB&T Bank,TX,1110-1769-4,1110-1769-4,1110-1769-4
BB&T Bank,VA,0514-0426-0,0514-0426-0,0514-0426-0
BB&T Bank,WV,0515-0339-4,0515-0339-4,0515-0339-4
BBVA Compass,AL,62001186,62001186,62001186
BBVA Compass,AZ,122105744,122105744,122105744
BBVA Compass,CA,321170538,321170538,321170538
BBVA Compass,CO,107005319,107005319,107005319
BBVA Compass,FL,63013924,63013924,63013924
BBVA Compass,NM,107000783,107000783,107000783
BBVA Compass,other,62001186,62001186,62001186
BBVA Compass,TX,113010547,113010547,113010547
Citizens Bank,CT,211170114,211170114,11500120
Citizens Bank,DE,31101143,31101143,31101143
Citizens Bank,MA,211070175,211070175,11500120
Citizens Bank,MI,241070417,241070417,241070417
Citizens Bank,NH,11401533,11401533,11500120
Citizens Bank,NJ,36076150,36076150,36076150
Citizens Bank,NY,21313103,21313103,21313103
Citizens Bank,NY,21313103,21313103,21313103
Citizens Bank,OH,241070417,241070417,241070417
Citizens Bank,other,None,None,None
Citizens Bank,PA,36076150,36076150,36076150
Citizens Bank,RI,11500120,11500120,11500120
Citizens Bank,VT,21313103,21313103,21313103
Fifth Third Bank,FL,Central: 063109935,Central: 063109935,Central: 042000314
Fifth Third Bank,FL,North: 063113057,North: 063113057,North: 042000314
Fifth Third Bank,FL,South: 067091719,South: 067091719,South: 042000314
Fifth Third Bank,FL,Tampa: 063103915,Tampa: 063103915,Tampa: 042000314
Fifth Third Bank,GA,263190812,263190812,42000314
Fifth Third Bank,IL,Chicago: 071923909,Chicago: 071923909,Chicago: 042000314
Fifth Third Bank,IN,Central: 074908594,Central: 074908594,Central: 042000314
Fifth Third Bank,IN,Southern: 086300041,Southern: 086300041,Southern: 042000314
Fifth Third Bank,KY,Central: 042101190,Central: 042101190,Central: 042000314
Fifth Third Bank,KY,Northern: 042100230,Northern: 042100230,Northern: 042000314
Fifth Third Bank,KY,Southwestern: 083002342,Southwestern: 083002342,Southwestern: 042000314
Fifth Third Bank,MI,Eastern: 072405455,Eastern: 072405455,Eastern: 042000314
Fifth Third Bank,MI,Northern: 072401404,Northern: 072401404,Northern: 042000314
Fifth Third Bank,MI,Western: 072400052,Western: 072400052,Western: 042000314
Fifth Third Bank,MO,St. Louis: 081019104,St. Louis: 081019104,St. Louis: 042000314
Fifth Third Bank,NC,53100737,53100737,42000314
Fifth Third Bank,OH,Cincinnati: 042000314,Cincinnati: 042000314,Cincinnati: 042000314
Fifth Third Bank,OH,Columbus: 044002161,Columbus: 044002161,Columbus: 042000314
Fifth Third Bank,OH,Northeastern: 041002711,Northeastern: 041002711,Northeastern: 042000314
Fifth Third Bank,OH,Northwestern: 041200050,Northwestern: 041200050,Northwestern: 042000314
Fifth Third Bank,OH,Southern: 042207735,Southern: 042207735,Southern: 042000314
Fifth Third Bank,OH,Western: 042202196,Western: 042202196,Western: 042000314
Fifth Third Bank,other,See Website,See Website,See Website
Fifth Third Bank,PA,Western: 043018868,Western: 043018868,Western: 042000314
Fifth Third Bank,TN,64103833,64103833,42000314
HSBC Bank USA,all,21001088,21001088,21001088
J.P. Morgan Chase Bank,AZ,122100024,122100024,122100024
J.P. Morgan Chase Bank,CA,322271627,322271627,322271627
J.P. Morgan Chase Bank,CO,102001017,102001017,102001017
J.P. Morgan Chase Bank,CT,21100361,21100361,21100361
J.P. Morgan Chase Bank,FL,267084131,267084131,267084131
J.P. Morgan Chase Bank,GA,61092387,61092387,61092387
J.P. Morgan Chase Bank,ID,123271978,123271978,123271978
J.P. Morgan Chase Bank,IL,71000013,71000013,71000013
J.P. Morgan Chase Bank,KY,83000137,83000137,83000137
J.P. Morgan Chase Bank,LA,65400137,65400137,65400137
J.P. Morgan Chase Bank,MI,72000326,72000326,72000326
J.P. Morgan Chase Bank,NJ,21202337,21202337,21202337
J.P. Morgan Chase Bank,NV,322271627,322271627,322271627
J.P. Morgan Chase Bank,NY,Downstate: 021000021,Downstate: 021000021,Downstate: 021000021
J.P. Morgan Chase Bank,NY,Upstate: 022300173,Upstate: 022300173,Upstate: 022300173
J.P. Morgan Chase Bank,OH,44000037,44000037,44000037
J.P. Morgan Chase Bank,OR,325070760,325070760,325070760
J.P. Morgan Chase Bank,other,See Website,See Website,See Website
J.P. Morgan Chase Bank,TX,111000614,111000614,111000614
J.P. Morgan Chase Bank,UT,124001545,124001545,124001545
J.P. Morgan Chase Bank,WA,325070760,325070760,325070760
J.P. Morgan Chase Bank,WI,75000019,75000019,75000019
J.P. Morgan Chase Bank,WV,51900366,51900366,51900366
KeyBank,AK,125200879,125200879,125200879
KeyBank,CO,307070267,307070267,307070267
KeyBank,CT,On/After 10/11/16: 021300077,On/After 10/11/16: 222370440,On/After 10/11/16: 021300077
KeyBank,CT,Prior 10/11/16: 222370440,Prior 10/11/16: 222370440,Prior 10/11/16: 021300077
KeyBank,FL,41001039,67014181,41001039
KeyBank,ID,124101555,124101555,124101555
KeyBank,IN,Northern: 041001039,Northern: 041001039,Northern: 041001039
KeyBank,IN,Central: 041001039,Central: 041001039,Central: 041001039
KeyBank,KY,41001039,42200295,41001039
KeyBank,MA,Prior 10/11/16: 222370440,Prior 10/11/16: 222370440,Prior 10/11/16: 021300077
KeyBank,MA,On/Before 10/11/16: 222370440,On/Before 10/11/16: 222370440,On/Before 10/11/16: 021300077
KeyBank,ME,11200608,11200608,11200608
KeyBank,MI,41001039,41001039,41001039
KeyBank,NY,See Check,See Check,21300077
KeyBank,OH,Columbus: 041001039,Columbus: 044000642,Columbus: 041001039
KeyBank,OH,NE Ohio: 041001039,NE Ohio: 041001039,NE Ohio: 041001039
KeyBank,OH,NW Ohio: 041001039,NW Ohio: 041200089,NW Ohio: 041001039
KeyBank,OH,SW Ohio: 041001039,SW Ohio: 042200295,SW Ohio: 041001039
KeyBank,OR,123002011,123002011,123002011
KeyBank,other,See Website,See Website,See Website
KeyBank,PA,Prior 10/11/16: 222370440,Prior 10/11/16: 222370440,Prior 10/11/16: 021300077
KeyBank,PA,On/After 10/11/16: 021300077,On/After 10/11/16: 222370440,On/After 10/11/16: 021300077
KeyBank,UT,124000737,124000737,124000737
KeyBank,VT,211672531,211672531,211672531
KeyBank,WA,125000574,125000574,125000574
Kinetic Credit Union,all,261171671,261171671,261171671
Navy Federal Credit Union,all,256074974,256074974,256074974
Regions Bank,AL,62000019,62000019,62000019
Regions Bank,AR,82000109,82000109,82000109
Regions Bank,FL,63104668,63104668,63104668
Regions Bank,GA,61101375,61101375,61101375
Regions Bank,IA,73900438,73900438,73900438
Regions Bank,IL,71122661,71122661,71122661
Regions Bank,IN,74014213,74014213,74014213
Regions Bank,KY,83901744,83901744,83901744
Regions Bank,LA,65403626,65403626,65403626
Regions Bank,MO,81001387,81001387,81001387
Regions Bank,MS,65305436,65305436,65305436
Regions Bank,NC,53012029,53012029,53012029
Regions Bank,other,See Website,See Website,See Website
Regions Bank,SC,53201814,53201814,53201814
Regions Bank,TN,64000017,64000017,64000017
Regions Bank,TX,111900785,111900785,111900785
Regions Bank,VA,51009296,51009296,51009296
SunTrust Bank,all,61000104,61000104,61000104
TD Bank,CT,11103093,11103093,31101266
TD Bank,DC,Metro: 054001725,Metro: 054001725,31101266
TD Bank,DE,31201360,31201360,31101266
TD Bank,FL,67014822,67014822,31101266
TD Bank,MA,211370545,211370545,31101266
TD Bank,MD,54001725,54001725,31101266
TD Bank,ME,211274450,211274450,31101266
TD Bank,NC,53902197,53902197,31101266
TD Bank,NH,11400071,11400071,31101266
TD Bank,NJ,31201360,31201360,31101266
TD Bank,NY,Metro: 026013673,Metro: 026013673,31101266
TD Bank,NY,Upstate: 021302567,Upstate: 021302567,31101266
TD Bank,other,See Website,See Website,See Website
TD Bank,PA,36001808,36001808,31101266
TD Bank,RI,211370545,211370545,31101266
TD Bank,SC,53902197,53902197,31101266
TD Bank,VA,54001725,54001725,31101266
TD Bank,VT,11600033,11600033,31101266
US Bank,AR,82000549,82000549,82000549
US Bank,AZ,122105155,122105155,122105155
US Bank,CA,Northern: 121122676,Northern: 121122676,Northern: 121122676
US Bank,CA,Southern: 122235821,Southern: 122235821,Southern: 122235821
US Bank,CO,Aspen: 102101645,Aspen: 102101645,Aspen: 102101645
US Bank,CO,Other: 102000021,Other: 102000021,Other: 102000021
US Bank,IA,Council Bluffs: 104000029,Council Bluffs: 104000029,Council Bluffs: 104000029
US Bank,IA,Other: 073000545,Other: 073000545,Other: 073000545
US Bank,ID,123103729,123103729,123103729
US Bank,IL,Northern: 071904779,Northern: 071904779,Northern: 071904779
US Bank,IL,IL Southern: 081202759,IL Southern: 081202759,IL Southern: 081202759
US Bank,IN,74900783,74900783,74900783
US Bank,KS,101000187,101000187,101000187
US Bank,KY,Nothern: 042100175,Nothern: 042100175,Nothern: 042100175
US Bank,KY,Western: 083900363,Western: 083900363,Western: 083900363
US Bank,MN,East Grand Forks: 091215927,East Grand Forks: 091215927,East Grand Forks: 091215927
US Bank,MN,Moorhead: 091300023,Moorhead: 091300023,Moorhead: 091300023
US Bank,MN,91000022,91000022,91000022
US Bank,MO,Other: 081000210,Other: 081000210,Other: 081000210
US Bank,MO,Western: 101200453,Western: 101200453,Western: 101200453
US Bank,MT,92900383,92900383,92900383
US Bank,ND,91300023,91300023,91300023
US Bank,NE,104000029,104000029,104000029
US Bank,NM,107002312,107002312,107002312
US Bank,NV,121201694,121201694,121201694
US Bank,OH,Cleveland: 041202582,Cleveland: 041202582,Cleveland: 041202582
US Bank,OH,Other: 042000013,Other: 042000013,Other: 042000013
US Bank,OR,123000220,123000220,123000220
US Bank,other,91000022,91000022,91000022
US Bank,SD,91408501,91408501,91408501
US Bank,TN,64000059,64000059,64000059
US Bank,UT,124302150,124302150,124302150
US Bank,WA,125000105,125000105,125000105
US Bank,WI,75000022,75000022,75000022
US Bank,WY,307070115,307070115,307070115
USAA,all,314074269,314074269,314074269
Wells Fargo Bank,AK,125200057,125200057,121000248
Wells Fargo Bank,AL,62000080,62000080,121000248
Wells Fargo Bank,AR,111900659,111900659,121000248
Wells Fargo Bank,AZ,122105278,122105278,121000248
Wells Fargo Bank,CA,121042882,121042882,121000248
Wells Fargo Bank,CO,102000076,102000076,121000248
Wells Fargo Bank,CT,21101108,21101108,121000248
Wells Fargo Bank,DC,54001220,54001220,121000248
Wells Fargo Bank,DE,31100869,31100869,121000248
Wells Fargo Bank,FL,63107513,63107513,121000248
Wells Fargo Bank,GA,61000227,61000227,121000248
Wells Fargo Bank,HI,121042882,121042882,121000248
Wells Fargo Bank,IA,73000228,73000228,121000248
Wells Fargo Bank,ID,124103799,124103799,121000248
Wells Fargo Bank,IL,71101307,71101307,121000248
Wells Fargo Bank,IN,74900275,74900275,121000248
Wells Fargo Bank,KS,101089292,101089292,121000248
Wells Fargo Bank,KY,121042882,121042882,121000248
Wells Fargo Bank,LA,121042882,121042882,121000248
Wells Fargo Bank,MA,121042882,121042882,121000248
Wells Fargo Bank,MD,55003201,55003201,121000248
Wells Fargo Bank,ME,121042882,121042882,121000248
Wells Fargo Bank,MI,91101455,91101455,121000248
Wells Fargo Bank,MN,91000019,91000019,121000248
Wells Fargo Bank,MO,121042882,121042882,121000248
Wells Fargo Bank,MS,62203751,62203751,121000248
Wells Fargo Bank,MT,92905278,92905278,121000248
Wells Fargo Bank,NC,53000219,53000219,121000248
Wells Fargo Bank,ND,91300010,91300010,121000248
Wells Fargo Bank,NE,104000058,104000058,121000248
Wells Fargo Bank,NH,121042882,121042882,121000248
Wells Fargo Bank,NJ,21200025,21200025,121000248
Wells Fargo Bank,NM,107002192,107002192,121000248
Wells Fargo Bank,NV,321270742,321270742,121000248
Wells Fargo Bank,NY,26012881,26012881,121000248
Wells Fargo Bank,OH,41215537,41215537,121000248
Wells Fargo Bank,OK,121042882,121042882,121000248
Wells Fargo Bank,OR,123006800,123006800,121000248
Wells Fargo Bank,other,See Website,See Website,See Website
Wells Fargo Bank,PA,31000503,31000503,121000248
Wells Fargo Bank,RI,121042882,121042882,121000248
Wells Fargo Bank,SC,53207766,53207766,121000248
Wells Fargo Bank,SD,91400046,91400046,121000248
Wells Fargo Bank,TN,64003768,64003768,121000248
Wells Fargo Bank,TX,Other: 111900659,Other: 111900659,Other: 121000248
Wells Fargo Bank,TX,El Paso: 112000066,El Paso: 112000066,El Paso: 121000248
Wells Fargo Bank,UT,124002971,124002971,121000248
Wells Fargo Bank,VA,51400549,51400549,121000248
Wells Fargo Bank,VT,121042882,121042882,121000248
Wells Fargo Bank,WA,125008547,125008547,121000248
Wells Fargo Bank,WI,75911988,75911988,121000248
Wells Fargo Bank,WV,121042882,121042882,121000248
Wells Fargo Bank,WY,102301092,102301092,121000248
